INSERT INTO AIRLINE_COMPANY VALUES (1,'Vagelis Airlines', 2104940512, 'vagelis@airlines.com');
INSERT INTO AIRLINE_COMPANY VALUES (2,'Giwta Airlines', 2108492120, 'giwta@airlines.com');
INSERT INTO AIRLINE_COMPANY VALUES (3,'Fly Airlines', 2102678765, 'info@flyairlines.com'); 
INSERT INTO AIRLINE_COMPANY VALUES (4,'Comfort Airlines', 2105432178, 'info@comfortairlines.com'); 
INSERT INTO AIRLINE_COMPANY VALUES (5,'Luxury Airlines', 2108923456, 'info@luxuryairlines.com'); 
INSERT INTO AIRLINE_COMPANY VALUES (6,'Olympic Airlines', 2104321754, 'info@olympicairlines.com'); 
INSERT INTO AIRLINE_COMPANY VALUES (7,'WizzAir Airlines', 2107655443, 'info@wizzairairlines.com'); 
INSERT INTO AIRLINE_COMPANY VALUES (8,'Aerial Airlines', 2100965437, 'info@aerialairlines.com'); 
INSERT INTO AIRLINE_COMPANY VALUES (9,'Emirates Airlines', 2104567434, 'info@emiratesairlines.com'); 
INSERT INTO AIRLINE_COMPANY VALUES (10,'Sky Airlines', 2104567890, 'info@skyairlines.com'); 

INSERT INTO AIRPLANE VALUES (1, 'Boeing 737', 2015, 150, 3); 
INSERT INTO AIRPLANE VALUES (2, 'Airbus 767', 2014, 100, 10); 
INSERT INTO AIRPLANE VALUES (3, 'Boeing 726', 2013, 200, 1); 
INSERT INTO AIRPLANE VALUES (4, 'Boeing 777', 2012, 200, 5); 
INSERT INTO AIRPLANE VALUES (5, 'Airbus 621', 2011, 100, 6); 
INSERT INTO AIRPLANE VALUES (6, 'Embraer E-jets 737', 2010, 50, 8); 
INSERT INTO AIRPLANE VALUES (7, 'Cessna 170', 2015, 100, 9); 
INSERT INTO AIRPLANE VALUES (8, 'Antonov 732', 2009, 150, 7); 
INSERT INTO AIRPLANE VALUES (9, 'Cirrus S222', 2015, 200, 2); 
INSERT INTO AIRPLANE VALUES (10, 'Embraer 237', 2016, 150, 4); 
INSERT INTO AIRPLANE VALUES (11, 'Boeing 737', 2015, 150, 4);
INSERT INTO AIRPLANE VALUES (12, 'Airbus A300', 2010, 200, 1);
INSERT INTO AIRPLANE VALUES (13, 'Piper T 1020', 2000, 150, 5);
INSERT INTO AIRPLANE VALUES (14, 'Fokker 100', 1980, 50, 6);
INSERT INTO AIRPLANE VALUES (15, 'Embraer 195', 2019, 200, 9);
INSERT INTO AIRPLANE VALUES (16, 'Airbus A300', 2002, 200, 3);
INSERT INTO AIRPLANE VALUES (17, 'Fokker 100', 1998, 100, 2);
INSERT INTO AIRPLANE VALUES (18, 'Embraer 195', 1999, 100, 8);
INSERT INTO AIRPLANE VALUES (19, 'Piper T 1020', 2007, 50, 7);
INSERT INTO AIRPLANE VALUES (20, 'Boeing 737', 2011, 200, 10);

INSERT INTO AIRPORT VALUES (1,'Thessaloniki Airport', 'Greece');
INSERT INTO AIRPORT VALUES (2,'Athens Airport', 'Greece');
INSERT INTO AIRPORT VALUES (3,'Ottawa Airport', 'Canada');
INSERT INTO AIRPORT VALUES (4,'London Airport', 'England');
INSERT INTO AIRPORT VALUES (5,'Frankfurt Airport', 'Germany');
INSERT INTO AIRPORT VALUES (6,'Stockholm Airport', 'Sweden');
INSERT INTO AIRPORT VALUES (7,'Madrid Airport', 'Spain');
INSERT INTO AIRPORT VALUES (8,'Lelystad Airport', 'Netherlands'); 
INSERT INTO AIRPORT VALUES (9,'Paris Airport', 'France');
INSERT INTO AIRPORT VALUES (10,'Malpensa Airport', 'Italy');

INSERT INTO STAFF VALUES (231454234, 'Giwrgos Papadopoulos', 2106543210, 'Manager', 40, 6);
INSERT INTO STAFF VALUES (874514254, 'Alexandra Georgopoulou', 2101487956, 'Pilot', 25, 3);
INSERT INTO STAFF VALUES (548774589, 'Giwta Antwniou', 2101485756, 'Flight Attendant', 23, 5);
INSERT INTO STAFF VALUES (254125985, 'Manwlis Mpenakis', 2108745896, 'Mechanic', 45, 7);
INSERT INTO STAFF VALUES (145898574, 'Vagelis Dimitriou', 2101256987, 'Pilot', 41, 10);
INSERT INTO STAFF VALUES (148965874, 'Nasia Gialama', 2107854896, 'Flight Attendant', 28, 2);
INSERT INTO STAFF VALUES (192987548, 'Giannis Tzimopoulos', 2106369874, 'Baggage Handler', 39, 8);
INSERT INTO STAFF VALUES (942874598, 'Stelios Chatzipavlou', 2109857463, 'Clerk', 56, 4);
INSERT INTO STAFF VALUES (835698748, 'Katerina Nikolaou', 2107458265, 'Cleaner', 53, 9);
INSERT INTO STAFF VALUES (762478965, 'Xristina Lutra', 2107896532, 'Flight Attendant', 32, 1);
INSERT INTO STAFF VALUES (628329459, 'Andreas Papadopoulos', 2106543210, 'Pilot', 40, 6); 
INSERT INTO STAFF VALUES (231454220, 'Ioannis Sklavenitis', 2106542390, 'Mechanic', 38, 8); 
INSERT INTO STAFF VALUES (231234234, 'Nektaria Kissoudaki', 2100943210, 'Flight Attendant', 30, 7); 
INSERT INTO STAFF VALUES (231452344, 'Dimitris Papadopoulos', 2106544410, 'Dispatcher', 29, 10); 
INSERT INTO STAFF VALUES (290454234, 'Eirini Tsinari', 2106533098, 'Flight Attendant', 29, 1); 
INSERT INTO STAFF VALUES (231434095, 'Vasilis Alexiou', 2100543265, 'Air Traffic Controller', 50, 5); 
INSERT INTO STAFF VALUES (291654212, 'Panagiota Tsikoura', 2100983210, 'Airport Engineer', 40, 9); 
INSERT INTO STAFF VALUES (231054932, 'Marios Nikoloudakis', 2104543821, 'Baggage Handler', 55, 10); 
INSERT INTO STAFF VALUES (231454111, 'Maria Tourlida', 2100942310, 'Aircraft Maintenance Engineer', 48, 4); 
INSERT INTO STAFF VALUES (239014234, 'Georgios Poulopoulos', 2109533453, 'Security Officer', 39, 9); 

INSERT INTO PASSENGER VALUES (324221321, 'Maria Vlaxopoulou', 2105987485, 'Stadiou 42 Athens Greece', 25);
INSERT INTO PASSENGER VALUES (611193267, 'Nicolaos Katsarakis', 2102305005, 'Ermou 43 Barcelon Spain', 43);
INSERT INTO PASSENGER VALUES (174277219, 'Antonis Zarilis', 2109659305, 'Italy Str 123 Milan Italy', 76);
INSERT INTO PASSENGER VALUES (749472213, 'Thomas Harrakos', 2109737648, 'France Str 446 Limoge France', 64);
INSERT INTO PASSENGER VALUES (081308296, 'Sofia Perrouli', 2106897402, 'Denmark Str 212 Copenhagen Denmark', 31);
INSERT INTO PASSENGER VALUES (089991897, 'Natassa Contopoulou', 2100002371, 'Sweden Str 12 Stockholm Sweeden', 55);
INSERT INTO PASSENGER VALUES (863594422, 'Irene Callalli', 2101763712, 'Panepistimiou 01 Athens Greece', 41);
INSERT INTO PASSENGER VALUES (161194351, 'Evgenia Nicolaki', 2108122219, 'Stadiou 423 Berlin Germany', 36);
INSERT INTO PASSENGER VALUES (152740102, 'Dimos Tripou', 2101449701, 'Porto Str 565 Porto Portugal', 27);
INSERT INTO PASSENGER VALUES (226262386, 'Makis Xenides', 2104346322, 'Ottawa Str 241 Ottawa Canada', 18);
INSERT INTO PASSENGER VALUES (327845561, 'Maria Vlaxopoulou', 2105987485, 'Tsimiski 42 Athens Greece', 25); 
INSERT INTO PASSENGER VALUES (534221034, 'Athina Vlachoudi', 2104589092, 'Karaiskaki 11 Thessaloniki Greece', 45); 
INSERT INTO PASSENGER VALUES (329011323, 'Sofia Pantazidou', 2106687094, 'Stadiou 42 Palaias Kavalas 87 Athens Greece', 34); 
INSERT INTO PASSENGER VALUES (904222329, 'Sotiris Terzis', 2108887422, 'Kolokotroni 23 Kavala Greece', 50); 
INSERT INTO PASSENGER VALUES (320921913, 'Nikolas Dritsim', 2104323489, 'Belluno 23 Milan Italy', 46); 
INSERT INTO PASSENGER VALUES (324431300, 'Markella Sotiroudi', 2105987485, 'Iliou 23 Alexandroupoli Greece', 53); 
INSERT INTO PASSENGER VALUES (904221325, 'Ioannis Chasapoglou', 2102997564, 'Kerasountos 2 Chania Greece', 30); 
INSERT INTO PASSENGER VALUES (390561356, 'Nikolaos Geloudakis', 2103997378, 'Aspropotamou 32 Athens Greece', 60); 
INSERT INTO PASSENGER VALUES (459221345, 'Maria Davidopoulou', 2105087567, 'Skoufa 34 Athens Greece', 25); 
INSERT INTO PASSENGER VALUES (324745688, 'Maria Rodrigez', 2100982434, 'Pensa 23 Madrid Spain', 25); 

INSERT INTO FLIGHT VALUES (1, '2024-01-01', 'Athens Airport', 1); 
INSERT INTO FLIGHT VALUES (2, '2024-06-15', 'Malpensa Airport', 5); 
INSERT INTO FLIGHT VALUES (3, '2024-03-25', 'Madrid Airport', 7); 
INSERT INTO FLIGHT VALUES (4, '2024-08-12', 'Frankfurt Airport', 8); 
INSERT INTO FLIGHT VALUES (5, '2024-04-30', 'Lelystad Airport', 2); 
INSERT INTO FLIGHT VALUES (6, '2023-12-25', 'Malpensa Airport', 10); 
INSERT INTO FLIGHT VALUES (7, '2023-11-04', 'Athens Airport', 3);
INSERT INTO FLIGHT VALUES (8, '2024-07-03', 'Lelystad Airport ', 9); 
INSERT INTO FLIGHT VALUES (9, '2024-12-15', 'Malpensa Airport', 4); 
INSERT INTO FLIGHT VALUES (10, '2024-08-05', 'Lelystad Airport ', 6); 
INSERT INTO FLIGHT VALUES (11, '2024-01-01', 'Athens Airport', 8);
INSERT INTO FLIGHT VALUES (12, '2024-01-05', 'Madrid Airport', 5);
INSERT INTO FLIGHT VALUES (13, '2024-01-12', 'Lelystad Airport', 4);
INSERT INTO FLIGHT VALUES (14, '2024-01-16', 'Madrid Airport', 3);
INSERT INTO FLIGHT VALUES (15, '2024-01-24', 'Athens Airport', 7);
INSERT INTO FLIGHT VALUES (16, '2024-01-29', 'Malpensa Airport', 6);
INSERT INTO FLIGHT VALUES (17, '2024-01-31', 'Athens Airport', 2);
INSERT INTO FLIGHT VALUES (18, '2024-02-01', 'Paris Airport', 9);
INSERT INTO FLIGHT VALUES (19, '2024-02-06', 'Paris Airport', 10);
INSERT INTO FLIGHT VALUES (20, '2023-12-25', 'Athens Airport', 8);

INSERT INTO TICKET VALUES (1, 39, 150, 2, 089991897); 
INSERT INTO TICKET VALUES (2, 49, 80, 1, 327845561); 
INSERT INTO TICKET VALUES (3, 98, 240, 3, 226262386);
INSERT INTO TICKET VALUES (4, 75, 300, 5, 863594422); 
INSERT INTO TICKET VALUES (5, 29, 65, 6, 329011323); 
INSERT INTO TICKET VALUES (6, 87, 190, 4, 320921913); 
INSERT INTO TICKET VALUES (7, 70, 50, 8, 611193267);
INSERT INTO TICKET VALUES (8, 98, 67, 7, 904221325);
INSERT INTO TICKET VALUES (9, 100, 340, 9, 152740102);
INSERT INTO TICKET VALUES (10, 160, 230, 10, 324431300);
INSERT INTO TICKET VALUES (11, 50, 300, 11, 324221321);
INSERT INTO TICKET VALUES (12, 35, 200, 20, 390561356);
INSERT INTO TICKET VALUES (13, 76, 100, 12, 081308296);
INSERT INTO TICKET VALUES (14, 86, 500, 17, 324745688);
INSERT INTO TICKET VALUES (15, 10, 2000, 14, 749472213);
INSERT INTO TICKET VALUES (16, 02, 300, 13, 459221345);
INSERT INTO TICKET VALUES (17, 25, 700, 16, 161194351);
INSERT INTO TICKET VALUES (18, 50, 150, 19, 904222329);
INSERT INTO TICKET VALUES (19, 50, 350, 18, 174277219);
INSERT INTO TICKET VALUES (20, 50, 400, 15, 534221034);

INSERT INTO BOOKS VALUES (324221321, 12);
INSERT INTO BOOKS VALUES (611193267, 18);
INSERT INTO BOOKS VALUES (174277219, 19);
INSERT INTO BOOKS VALUES (749472213, 16);
INSERT INTO BOOKS VALUES (081308296, 14);
INSERT INTO BOOKS VALUES (089991897, 15);
INSERT INTO BOOKS VALUES (863594422, 17);
INSERT INTO BOOKS VALUES (161194351, 11);
INSERT INTO BOOKS VALUES (152740102, 20);
INSERT INTO BOOKS VALUES (226262386, 13);
INSERT INTO BOOKS VALUES (324221321, 12);
INSERT INTO BOOKS VALUES (611193267, 18);
INSERT INTO BOOKS VALUES (174277219, 19);
INSERT INTO BOOKS VALUES (749472213, 16);
INSERT INTO BOOKS VALUES (081308296, 14);
INSERT INTO BOOKS VALUES (089991897, 15);
INSERT INTO BOOKS VALUES (863594422, 17);
INSERT INTO BOOKS VALUES (161194351, 11);
INSERT INTO BOOKS VALUES (152740102, 20);
INSERT INTO BOOKS VALUES (226262386, 13);

INSERT INTO CONNECTS VALUES (2, 1);
INSERT INTO CONNECTS VALUES (1, 5);
INSERT INTO CONNECTS VALUES (9, 4);
INSERT INTO CONNECTS VALUES (6, 3);
INSERT INTO CONNECTS VALUES (4, 8);
INSERT INTO CONNECTS VALUES (3, 7);
INSERT INTO CONNECTS VALUES (5, 2);
INSERT INTO CONNECTS VALUES (7, 8);
INSERT INTO CONNECTS VALUES (10, 9);
INSERT INTO CONNECTS VALUES (8, 10);
INSERT INTO CONNECTS VALUES (2, 8);
INSERT INTO CONNECTS VALUES (1, 2);
INSERT INTO CONNECTS VALUES (9, 5);
INSERT INTO CONNECTS VALUES (6, 10);
INSERT INTO CONNECTS VALUES (4, 6);
INSERT INTO CONNECTS VALUES (3, 1);
INSERT INTO CONNECTS VALUES (5, 7);
INSERT INTO CONNECTS VALUES (7, 6);
INSERT INTO CONNECTS VALUES (10, 3);
INSERT INTO CONNECTS VALUES (8, 4);